{
  "loss": [
    4.765298843383789,
    4.701143264770508,
    4.755592346191406,
    4.629273891448975,
    4.706555366516113,
    4.69072961807251,
    4.686005115509033,
    4.559737682342529,
    4.69868278503418,
    4.498536109924316,
    4.665188789367676,
    4.584804058074951,
    4.470017910003662,
    4.402935981750488,
    4.156723499298096,
    4.184095859527588,
    4.150968074798584
  ],
  "val_top_3": [
    0.0833333358168602,
    0.0833333358168602,
    0.0833333358168602,
    0.0833333358168602,
    0.1666666716337204,
    0.0833333358168602,
    0.0833333358168602,
    0.1666666716337204,
    0.0833333358168602,
    0.0833333358168602,
    0.0833333358168602,
    0.0833333358168602,
    0.0833333358168602,
    0.1666666716337204,
    0.0833333358168602,
    0.0833333358168602,
    0.0833333358168602
  ],
  "learning_rate": [
    0.0010000000474974513,
    0.0010000000474974513,
    0.0010000000474974513,
    0.0010000000474974513,
    0.0010000000474974513,
    0.0010000000474974513,
    0.0010000000474974513,
    0.0010000000474974513,
    0.0010000000474974513,
    0.0010000000474974513,
    0.0010000000474974513,
    0.0010000000474974513,
    9.999999747378752e-06,
    9.999999747378752e-06,
    9.999999747378752e-06,
    4.999999873689376e-06,
    4.999999873689376e-06
  ],
  "accuracy": [
    0.01666666753590107,
    0.01666666753590107,
    0.004166666883975267,
    0.008333333767950535,
    0.004166666883975267,
    0.02500000037252903,
    0.02500000037252903,
    0.008333333767950535,
    0.02500000037252903,
    0.008333333767950535,
    0.02500000037252903,
    0.02083333395421505,
    0.02500000037252903,
    0.05416666716337204,
    0.05000000074505806,
    0.04583333432674408,
    0.03750000149011612
  ],
  "val_loss": [
    4.471535682678223,
    4.375040531158447,
    4.3305182456970215,
    4.288293361663818,
    4.212924480438232,
    4.1933674812316895,
    4.179943084716797,
    4.157214641571045,
    4.129835605621338,
    4.10571813583374,
    4.113960266113281,
    4.126552104949951,
    4.162572860717773,
    4.2198944091796875,
    4.286247253417969,
    4.35425329208374,
    4.418295860290527
  ],
  "top_3": [
    0.04583333432674408,
    0.04583333432674408,
    0.0416666679084301,
    0.03750000149011612,
    0.05416666716337204,
    0.05416666716337204,
    0.0416666679084301,
    0.03750000149011612,
    0.0416666679084301,
    0.05416666716337204,
    0.05416666716337204,
    0.02916666679084301,
    0.06666667014360428,
    0.10833333432674408,
    0.125,
    0.13333334028720856,
    0.125
  ],
  "val_accuracy": [
    0.0,
    0.0,
    0.0,
    0.0833333358168602,
    0.0833333358168602,
    0.0833333358168602,
    0.0833333358168602,
    0.0,
    0.0,
    0.0,
    0.0,
    0.0,
    0.0,
    0.0,
    0.0,
    0.0,
    0.0
  ]
}