{
  "accuracy": [
    0.9070796370506287,
    0.9867256879806519,
    1.0,
    1.0,
    1.0,
    1.0,
    0.9955752491950989,
    1.0
  ],
  "loss": [
    0.8193866610527039,
    0.0311404038220644,
    2.1715417460654862e-05,
    6.68149659759365e-05,
    0.0014422980602830648,
    0.00010652204946381971,
    0.005953907500952482,
    2.7431433409219608e-06
  ],
  "top_3_accuracy": [
    0.9336283206939697,
    1.0,
    1.0,
    1.0,
    1.0,
    1.0,
    1.0,
    1.0
  ],
  "val_accuracy": [
    1.0,
    1.0,
    1.0,
    1.0,
    1.0,
    1.0,
    1.0,
    1.0
  ],
  "val_loss": [
    0.0,
    0.0,
    0.0,
    0.0,
    0.0,
    0.0,
    0.0,
    0.0
  ],
  "val_top_3_accuracy": [
    1.0,
    1.0,
    1.0,
    1.0,
    1.0,
    1.0,
    1.0,
    1.0
  ],
  "learning_rate": [
    0.0010000000474974513,
    0.0010000000474974513,
    0.0010000000474974513,
    0.0010000000474974513,
    0.0005000000237487257,
    0.0005000000237487257,
    0.0005000000237487257,
    0.0002500000118743628
  ]
}