{
  "n_buckets": 3,
  "var_smoothing": 0.001,
  "means": [
    [
      0.5880833516449541,
      0.37041927814676423,
      0.22460805743968884,
      0.42039468555868004,
      0.32475040606853417,
      0.5383853359987002,
      0.5427258077293097,
      0.5284635589561822,
      0.5476593111182149,
      0.5224151196904638,
      0.5136346144361568,
      0.5368482562882372,
      0.5170080944750597,
      0.49738174120855766,
      0.4851950590288223,
      0.5346600976849691,
      0.50309016908478,
      0.5171800334484857,
      0.5021733826275375,
      0.5047768666168213
    ],
    [
      0.7970925187430692,
      0.5426753182616862,
      0.5738953374318171,
      0.6429092363748178,
      0.5370908762857464,
      0.6581399459726475,
      0.5764478282143093,
      0.5996089428405756,
      0.5802979916155673,
      0.5980003651558095,
      0.5746267416231455,
      0.575380941356917,
      0.5571366017043972,
      0.5478912127291214,
      0.5858495959521788,
      0.5306096159084419,
      0.5657539472829309,
      0.5251747377014991,
      0.4995773652648895,
      0.5090027473596735
    ],
    [
      0.9296799796339749,
      0.6581997403621622,
      0.8521561442331936,
      0.8285471914251731,
      0.7029054987451923,
      0.6684989481919958,
      0.664839011196205,
      0.6652658020256738,
      0.6296035502040114,
      0.6753622133463653,
      0.5911266395013921,
      0.6030216997336482,
      0.5688134158627254,
      0.6447234368518111,
      0.5991215009556615,
      0.5485161655071856,
      0.5625669007781813,
      0.5372272375410895,
      0.5454277147107448,
      0.5084043223021096
    ]
  ],
  "vars": [
    [
      0.030394510363988835,
      0.013200974807664584,
      0.03573416876983208,
      0.017992474966820264,
      0.027146798883876534,
      0.04110647635455439,
      0.04373418504815362,
      0.03966840585474154,
      0.03725688174171295,
      0.039206661859583526,
      0.041957071433666664,
      0.03965067748104242,
      0.04996951793744057,
      0.046334622623774475,
      0.04731866497709658,
      0.037571803494771336,
      0.03739429995719186,
      0.0364066110407001,
      0.03502940076572313,
      0.04173065229003838
    ],
    [
      0.02232895351397629,
      0.011449077574344194,
      0.038940321283467055,
      0.020850570969086265,
      0.022049077115064653,
      0.04623379279039395,
      0.0456698619047222,
      0.03705782571150168,
      0.033681648900864565,
      0.042140142113496634,
      0.04021664519037704,
      0.04219335450284554,
      0.04305082455218968,
      0.04814093802331215,
      0.04206642216294792,
      0.04451267574104123,
      0.03832911389023575,
      0.03307619835289789,
      0.0428269250768453,
      0.028777771877843618
    ],
    [
      0.030217450938007533,
      0.011933341540833845,
      0.0212258519868368,
      0.014085260508778199,
      0.0180281681624937,
      0.03700125657396817,
      0.031027009765250375,
      0.04272840469843885,
      0.0514093903112688,
      0.03561367994991627,
      0.041703182383803335,
      0.03846115186275494,
      0.03238827362907776,
      0.039286363444064505,
      0.03530309426100191,
      0.059689793613244,
      0.0419763421389868,
      0.03566795048720518,
      0.03413153289946704,
      0.03531388056792867
    ]
  ],
  "priors": [
    0.40249999948125,
    0.310000000175,
    0.28750000034375
  ],
  "feature_names": [
    "aspect_ratio",
    "stroke_density",
    "centeredness",
    "symmetry",
    "stroke_uniformity",
    "feature_5",
    "feature_6",
    "feature_7",
    "feature_8",
    "feature_9",
    "feature_10",
    "feature_11",
    "feature_12",
    "feature_13",
    "feature_14",
    "feature_15",
    "feature_16",
    "feature_17",
    "feature_18",
    "feature_19"
  ],
  "bucket_edges": [
    [
      0.0,
      40.0
    ],
    [
      40.0,
      70.0
    ],
    [
      70.0,
      100.0
    ]
  ]
}